{"cameraMode":{"drawMode":0,"name":"Shaded","section":"Shading Mode"},"sceneLighting":false,"audioPlay":false,"sceneViewState":{"showFog":true,"showMaterialUpdate":false,"showSkybox":true,"showFlares":true,"showImageEffects":true,"showParticleSystems":true},"in2DMode":false,"pivot":{"x":6.140416622161865,"y":0.7755365371704102,"z":-7.509090423583984},"rotation":{"x":-0.29647985100746157,"y":-0.17406177520751954,"z":0.05505150184035301,"w":-0.9374420046806336},"size":15.072338104248047,"orthographic":false}