{"cameraMode":{"drawMode":0,"name":"Shaded","section":"Shading Mode"},"sceneLighting":false,"audioPlay":false,"sceneViewState":{"showFog":true,"showMaterialUpdate":false,"showSkybox":false,"showFlares":true,"showImageEffects":true,"showParticleSystems":true},"in2DMode":false,"pivot":{"x":2.249643325805664,"y":0.6100000143051148,"z":5.464015483856201},"rotation":{"x":0.21744288504123689,"y":0.7157904505729675,"z":-0.2538570463657379,"w":0.6131322383880615},"size":0.7144709229469299,"orthographic":false}